{"cameraMode":{"drawMode":0,"name":"Shaded","section":"Shading Mode"},"sceneLighting":true,"audioPlay":false,"sceneViewState":{"showFog":false,"showMaterialUpdate":false,"showSkybox":false,"showFlares":false,"showImageEffects":false,"showParticleSystems":false},"in2DMode":false,"pivot":{"x":23.299999237060548,"y":13.699999809265137,"z":-41.0},"rotation":{"x":0.22963745892047883,"y":-0.20263934135437013,"z":0.04893410578370094,"w":0.9507162570953369},"size":5.407395362854004,"orthographic":false}