{"cameraMode":{"drawMode":0,"name":"Shaded","section":"Shading Mode"},"sceneLighting":true,"audioPlay":false,"sceneViewState":{"showFog":false,"showMaterialUpdate":false,"showSkybox":false,"showFlares":false,"showImageEffects":false,"showParticleSystems":false},"in2DMode":false,"pivot":{"x":1.0423012971878052,"y":10.722046852111817,"z":-44.183956146240237},"rotation":{"x":0.04798268526792526,"y":6.585276537407481e-7,"z":-0.000007252061095641693,"w":0.9988806843757629},"size":28.12594985961914,"orthographic":false}